{
    "metadata": {
        "min_precision": 0.99,
        "min_recall": 0.99
    },
    "thresholds": {
        "ai": 0.95,
        "apk": 0.5,
        "appleplist": 0.95,
        "asm": 0.85,
        "asp": 0.5,
        "batch": 0.65,
        "bmp": 0.95,
        "bzip": 0.95,
        "c": 0.7,
        "cab": 0.95,
        "cat": 0.95,
        "chm": 0.95,
        "coff": 0.95,
        "crx": 0.95,
        "cs": 0.95,
        "css": 0.5,
        "csv": 0.5,
        "deb": 0.95,
        "dex": 0.95,
        "dmg": 0.95,
        "doc": 0.5,
        "docx": 0.91,
        "elf": 0.95,
        "emf": 0.95,
        "eml": 0.95,
        "epub": 0.95,
        "flac": 0.95,
        "gif": 0.95,
        "go": 0.95,
        "gzip": 0.95,
        "hlp": 0.95,
        "html": 0.75,
        "ico": 0.95,
        "ini": 0.55,
        "internetshortcut": 0.95,
        "iso": 0.95,
        "jar": 0.55,
        "java": 0.91,
        "javabytecode": 0.95,
        "javascript": 0.8,
        "jpeg": 0.95,
        "json": 0.75,
        "latex": 0.5,
        "lisp": 0.95,
        "lnk": 0.95,
        "m3u": 0.95,
        "macho": 0.95,
        "makefile": 0.95,
        "markdown": 0.9,
        "mht": 0.95,
        "mp3": 0.95,
        "mp4": 0.95,
        "mscompress": 0.95,
        "msi": 0.7,
        "mum": 0.95,
        "odex": 0.95,
        "odp": 0.95,
        "ods": 0.95,
        "odt": 0.95,
        "ogg": 0.95,
        "outlook": 0.95,
        "pcap": 0.95,
        "pdf": 0.95,
        "pebin": 0.95,
        "pem": 0.95,
        "perl": 0.85,
        "php": 0.5,
        "png": 0.95,
        "postscript": 0.95,
        "powershell": 0.95,
        "ppt": 0.7,
        "pptx": 0.85,
        "python": 0.85,
        "pythonbytecode": 0.95,
        "rar": 0.95,
        "rdf": 0.95,
        "rpm": 0.95,
        "rst": 0.95,
        "rtf": 0.95,
        "ruby": 0.93,
        "rust": 0.95,
        "scala": 0.95,
        "sevenzip": 0.95,
        "shell": 0.85,
        "smali": 0.95,
        "sql": 0.7,
        "squashfs": 0.95,
        "svg": 0.95,
        "swf": 0.95,
        "symlinktext": 0.95,
        "tar": 0.95,
        "tga": 0.95,
        "tiff": 0.95,
        "torrent": 0.95,
        "ttf": 0.95,
        "txt": 0.94,
        "unknown": 0.95,
        "vba": 0.5,
        "wav": 0.95,
        "webm": 0.95,
        "webp": 0.95,
        "winregistry": 0.95,
        "wmf": 0.95,
        "xar": 0.95,
        "xls": 0.75,
        "xlsb": 0.5,
        "xlsx": 0.95,
        "xml": 0.7,
        "xpi": 0.93,
        "xz": 0.95,
        "yaml": 0.7,
        "zip": 0.95,
        "zlibstream": 0.95
    }
}